{
  "project_info": {
    "project_number": "571017077390",
    "project_id": "ttme-app",
    "storage_bucket": "ttme-app.appspot.com"
  },
  "client": [
    {
      "client_info": {
        "mobilesdk_app_id": "1:571017077390:android:c718e1b48b5cf501809fdf",
        "android_client_info": {
          "package_name": "com.ttme.ttme"
        }
      },
      "oauth_client": [
        {
          "client_id": "571017077390-a38t2i4j4733dc3itg29uq4t0cn1olve.apps.googleusercontent.com",
          "client_type": 1,
          "android_info": {
            "package_name": "com.ttme.ttme",
            "certificate_hash": "8a56ac3de4f92e8d851824af45bdea52023d2444"
          }
        },
        {
          "client_id": "571017077390-iv8d57fbsq27q2h4a2elib5d3llivobq.apps.googleusercontent.com",
          "client_type": 3
        }
      ],
      "api_key": [
        {
          "current_key": "AIzaSyCZ1N25OExvqkXGYxqWqLoJ_Ah4lTjGpcE"
        }
      ],
      "services": {
        "appinvite_service": {
          "other_platform_oauth_client": [
            {
              "client_id": "571017077390-iv8d57fbsq27q2h4a2elib5d3llivobq.apps.googleusercontent.com",
              "client_type": 3
            }
          ]
        }
      }
    }
  ],
  "configuration_version": "1"
}